/data-builder/ehrql/reference            /ehrql/reference/features/           302
/data-builder/ehrql/reference/           /ehrql/reference/features/           302
/data-builder/backends                   /ehrql/reference/backends/           302
/data-builder/backends/                  /ehrql/reference/backends/           302
/data-builder/schemas                    /ehrql/reference/schemas/            302
/data-builder/schemas/                   /ehrql/reference/schemas/            302
/en                                      /                                        301
/en/                                     /                                        301
/en/latest                               /                                        301
/en/latest/                              /                                        301
/en/latest/*                             /:splat                                  301
/en/stable                               /                                        301
/en/stable/                              /                                        301
/en/stable/codelist_creation             /codelist-creation/                      301
/en/stable/codelist_creation/            /codelist-creation/                      301
/en/stable/getting_started_checklist     /getting-started/                        301
/en/stable/getting_started_checklist/    /getting-started/                        301
/en/stable/onboarding_analysts           /                                        301
/en/stable/onboarding_analysts/          /                                        301
/en/stable/open_data_manifesto           /open-data-manifesto/                    301
/en/stable/open_data_manifesto/          /open-data-manifesto/                    301
/en/stable/snomed                        /codelist-snomed/                        301
/en/stable/snomed/                       /codelist-snomed/                        301
/en/stable/study_definition              /study-def/                              301
/en/stable/study_definition/             /study-def/                              301
/en/stable/*                             /:splat                                  301
/news                                    https://www.opensafely.org/changelog/    301
/news/                                   https://www.opensafely.org/changelog/    301
/dataset-intro                           /data-sources/intro/                 301
/dataset-intro/                          /data-sources/intro/                 301
/dataset-systmone                        /data-sources/systmone/              301
/dataset-systmone/                       /data-sources/systmone               301
/dataset-emis                            /data-sources/emis/                  301
/dataset-emis/                           /data-sources/emis/                  301
/dataset-onscis                          /data-sources/onscis/                301
/dataset-onscis/                         /data-sources/onscis/                301
/dataset-sgsscovid                       /data-sources/sgsscovid/             301
/dataset-sgsscovid/                      /data-sources/sgsscovid/             301
/dataset-therapeutics                    /data-sources/therapeutics/          301
/dataset-therapeutics/                   /data-sources/therapeutics/          301
/dataset-ecds                            /data-sources/ecds/                  301
/dataset-ecds/                           /data-sources/ecds/                  301
/dataset-apc                             /data-sources/apc/                   301
/dataset-apc/                            /data-sources/apc/                   301
/dataset-cpns                            /data-sources/cpns/                  301
/dataset-cpns/                           /data-sources/cpns/                  301
/dataset-icnarc                          /data-sources/icnarc/                301
/dataset-icnarc/                         /data-sources/icnarc/                301
/dataset-isaric                          /data-sources/isaric/                301
/dataset-isaric/                         /data-sources/isaric/                301
/dataset-onsdeaths                       /data-sources/onsdeaths/             301
/dataset-onsdeaths/                      /data-sources/onsdeaths/             301
/dataset-ukrr                            /data-sources/ukrr/                  301
/dataset-ukrr/                           /data-sources/ukrr/                  301
/permissions                             /jobs-site/                          301
/permissions/                            /jobs-site/                          301
/job-server                              /jobs-site/                          301
/job-server/                             /jobs-site/                          301
